Nome Reduzido;ISPB;CNPJ
6PAY IP;07322044;07.322.044/0001-87
7TRUST FINANCE IP S.A.;33930368;33.930.368/0001-08
99PAY IP S.A.;24313102;24.313.102/0001-25
A BANK;33330067;33.330.067/0001-43
A27 IP S/A;35534511;35.534.511/0001-78
A55 SCD S.A.;48756121;48.756.121/0001-94
ACCESSTAGE IP LTDA.;00000000;46.410.407/0001-98
ACCREDITO SCD S.A.;37715993;37.715.993/0001-98
ACESSO SOLUÇÕES DE PAGAMENTO S.A. - INSTITUIÇÃO DE PAGAMENTO;13140088;13.140.088/0001-99
ACG IP S.A.;10868663;10.868.663/0001-86
ADYEN DO BRASIL IP LTDA.;14796606;14.796.606/0001-90
AIBR IP LTDA.;32246162;32.246.162/0001-09
AILOG IP LTDA.;07398335;07.398.335/0001-59
AL5 S.A. SCFI;27214112;27.214.112/0001-00
ALL IN CRED SCD S.A.;51414521;51.414.521/0001-26
AN SPACE PAY;22443203;22.443.203/0001-95
APE POUPEX;00655522;00.655.522/0001-21
APROMS NET IP LTDA.;37168145;37.168.145/0001-06
APTARE;16876258;16.876.258/0001-96
ARTTA SCD;42259084;42.259.084/0001-22
ASA SCFI S.A.;48703388;48.703.388/0001-13
ASAAS IP S.A.;19540550;19.540.550/0001-21
ASTROPAY;34006497;34.006.497/0001-77
ATF SCD S.A.;44728700;44.728.700/0001-72
ATICCA SCD S.A.;44478623;44.478.623/0001-40
AZIMUT BRASIL DTVM LTDA;18684408;18.684.408/0001-95
B3 IP LTDA;00000000;47.825.528/0001-63
B91;33735811;33.735.811/0001-90
BANCO BARI S.A.;00556603;00.556.603/0001-74
BANCO BTG PACTUAL S.A.;30306294;30.306.294/0001-45
BANCO DIGIO;27098060;27.098.060/0001-45
BANCO GENIAL;45246410;45.246.410/0001-55
BANCO INBURSA;04866275;04.866.275/0001-63
BANCO INTER;00416968;00.416.968/0001-01
BANCO MASTER;33923798;33.923.798/0001-00
BANCO ORIGINAL;92894922;92.894.922/0001-08
BANCO PAN;59285411;59.285.411/0001-13
BANCO RANDON S.A.;11476673;11.476.673/0001-39
BANCO SEMEAR;00795423;00.795.423/0001-45
BANCO SICOOB S.A.;02038232;02.038.232/0001-64
BANCO TOPÁZIO S.A.;07679404;07.679.404/0001-00
BANCO TRAVELEX S.A.;11703662;11.703.662/0001-44
BANKOSO INSTITUICAO DE PAGAMEN;32053736;32.053.736/0001-14
BANKROW IP S.A.;34837066;34.837.066/0001-52
BANKRY;28595756;28.595.756/0001-40
BANQI;30723871;30.723.871/0001-02
BANRISUL PAGAMENTOS IP;92934215;92.934.215/0001-06
BASS PAGO;37293930;37.293.930/0001-90
BCO ABC BRASIL S.A.;28195667;28.195.667/0001-06
BCO AFINZ S.A. - BM;04814563;04.814.563/0001-74
BCO AGIBANK S.A.;10664513;10.664.513/0001-50
BCO ARBI S.A.;54403563;54.403.563/0001-50
BCO B3 S.A.;00997185;00.997.185/0001-50
BCO BANESTES S.A.;28127603;28.127.603/0001-78
BCO BLUEBANK S.A.;58497702;58.497.702/0001-02
BCO BMG S.A.;61186680;61.186.680/0001-74
BCO BNP PARIBAS BRASIL S A;01522368;01.522.368/0001-82
BCO BRADESCO S.A.;60746948;60.746.948/0001-12
BCO BRASILEIRO DE CRÉDITO S.A.;01852137;01.852.137/0001-37
BCO BS2 S.A.;71027866;71.027.866/0001-34
BCO BV S.A.;01858774;01.858.774/0001-10
BCO C6 S.A.;31872495;31.872.495/0001-72
BCO CITIBANK S.A.;33479023;33.479.023/0001-80
BCO COOPERATIVO SICREDI S.A.;01181521;01.181.521/0001-55
BCO CREFISA S.A.;61033106;61.033.106/0001-86
BCO CSF S.A.;08357240;08.357.240/0001-50
BCO DA AMAZONIA S.A.;04902979;04.902.979/0001-44
BCO DAYCOVAL S.A;62232889;62.232.889/0001-90
BCO DO BRASIL S.A.;00000000;00.000.000/0001-91
BCO DO EST. DE SE S.A.;13009717;13.009.717/0001-46
BCO DO EST. DO PA S.A.;04913711;04.913.711/0001-08
BCO DO ESTADO DO RS S.A.;92702067;92.702.067/0001-96
BCO DO NORDESTE DO BRASIL S.A.;07237373;07.237.373/0001-20
BCO FIBRA S.A.;58616418;58.616.418/0001-08
BCO GUANABARA S.A.;31880826;31.880.826/0001-16
BCO HSBC S.A.;53518684;53.518.684/0001-84
BCO INDUSTRIAL DO BRASIL S.A.;31895683;31.895.683/0001-16
BCO J.P. MORGAN S.A.;33172537;33.172.537/0001-98
BCO KEB HANA DO BRASIL S.A.;02318507;02.318.507/0001-13
BCO LUSO BRASILEIRO S.A.;59118133;59.118.133/0001-00
BCO MERCANTIL DO BRASIL S.A.;17184037;17.184.037/0001-10
BCO PAULISTA S.A.;61820817;61.820.817/0001-09
BCO PINE S.A.;62144175;62.144.175/0001-20
BCO RENDIMENTO S.A.;68900810;68.900.810/0001-38
BCO RIBEIRAO PRETO S.A.;00517645;00.517.645/0001-04
BCO SAFRA S.A.;58160789;58.160.789/0001-28
BCO SANTANDER (BRASIL) S.A.;90400888;90.400.888/0001-42
BCO SENFF S.A.;11970623;11.970.623/0001-03
BCO SOFISA S.A.;60889128;60.889.128/0001-80
BCO TRIANGULO S.A.;17351180;17.351.180/0001-59
BCO VOTORANTIM S.A.;59588111;59.588.111/0001-03
BCO VR S.A.;78626983;78.626.983/0001-63
BCO WESTERN UNION;13720915;13.720.915/0001-13
BCO XP S.A.;33264668;33.264.668/0001-03
BEES IP LTDA.;35523352;35.523.352/0001-06
BEETELLER;32074986;32.074.986/0001-30
BELLUNO IP LTDA.;25238191;25.238.191/0001-55
BELVO IP;00000000;43.215.815/0001-09
BFC SCD S.A.;59396084;59.396.084/0001-77
BIPA INSTITUICAO DE PAGAMENTO;40910463;40.910.463/0001-05
BIT SCD S.A.;58367961;58.367.961/0001-19
BITSO IP LTDA;35136120;35.136.120/0001-03
BIZ IP LTDA.;12481100;12.481.100/0001-66
BK IP S.A.;16814330;16.814.330/0001-50
BLU IP LTDA.;10506341;10.506.341/0001-97
BLU PAY;04838403;04.838.403/0001-65
BM PLENO S.A.;61024352;61.024.352/0001-71
BMP SCD S.A.;34337707;34.337.707/0001-00
BMP SCMEPP LTDA;11581339;11.581.339/0001-45
BMS SCD S.A.;17826860;17.826.860/0001-81
BNK DIGITAL SCD S.A.;45331622;45.331.622/0001-30
BNS CAPITAL PAGAMENTOS LTDA;40557732;40.557.732/0001-00
BOFA MERRILL LYNCH BM S.A.;62073200;62.073.200/0001-21
BOKU NETWORK BRASIL IP;7115294;07.115.294/0001-46
BONUSPAGO SCD S.A.;36586946;36.586.946/0001-29
BPY CCTVM S.A.;27842177;27.842.177/0001-91
BRASIL CARD IP LTDA;03130170;03.130.170/0001-89
BRB - BCO DE BRASILIA S.A.;00000208;00.000.208/0001-00
BRCONDOS SCD S.A.;49933388;49.933.388/0001-72
BRINKS PAY IP LTDA.;09437293;09.437.293/0001-43
BRX BANK IP LTDA.;24722685;24.722.685/0001-48
BS2 PAYMENTS IP S.A.;20520298;20.520.298/0001-78
C.C CREDIVERDE;25528753;25.528.753/0001-03
C6 CTVM LTDA.;32345784;32.345.784/0001-86
CAIXA ECONOMICA FEDERAL;00360305;00.360.305/0001-04
CAPITAL CONSIG SCD S.A.;40083667;40.083.667/0001-10
CAPPTA IP S.A.;13966572;13.966.572/0001-71
CARDPAY;08512761;08.512.761/0001-34
CARTOS SCD S.A.;21332862;21.332.862/0001-91
CARTWAVE IP;33207641;33.207.641/0001-70
CARUANA SCFI;09313766;09.313.766/0001-09
CASA CREDITO S.A. SCM;05442029;05.442.029/0001-47
CC AGROCREDI LTDA;42873828;42.873.828/0001-02
CC ALTO PARANAIBA E REGIÃO;25387671;25.387.671/0001-88
CC ALTO VALE DO ITAJAÍ;80959612;80.959.612/0001-45
CC ARACREDI LTDA.;00068987;00.068.987/0001-86
CC CAP UNICIDADES;03047549;03.047.549/0001-20
CC CARLOS CHAGAS;41753500;41.753.500/0001-81
CC CENTRO LESTE NORTE MARANHENSE - SICOOB CENTROLESTE;09403026;09.403.026/0001-55
CC CENTRO SUL MINEIRO;71238232;71.238.232/0001-20
CC COCRE;54401286;54.401.286/0001-46
CC CONTADORES ADMINISTRADORES ECONOMISTAS E CORRET SEGUROS;02217068;02.217.068/0001-52
CC COOPACREDI;65229254;65.229.254/0001-21
CC COOPCRED;53623781;53.623.781/0001-37
CC COOPLIVRE;49389307;49.389.307/0001-15
CC COPERSUL LTDA;18966739;18.966.739/0001-18
CC CREDCOOPER LTDA;19449602;19.449.602/0001-59
CC CREDIAGRO;00429890;00.429.890/0001-51
CC CREDIALP;25353939;25.353.939/0001-60
CC CREDIARA LTDA.;66398496;66.398.496/0001-01
CC CREDIBAM LTDA.;66259110;66.259.110/0001-80
CC CREDIBELO LTDA. - SICOOB CREDIBELO;71237184;71.237.184/0001-56
CC CREDIBOM;21670187;21.670.187/0001-00
CC CREDICAF LTDA;25395435;25.395.435/0001-03
CC CREDICAMPINA;01609345;01.609.345/0001-00
CC CREDICAMPO LTDA;21661202;21.661.202/0001-54
CC CREDICARPA;23949522;23.949.522/0001-30
CC CREDICERIPA;00966246;00.966.246/0001-12
CC CREDICITRUS;54037916;54.037.916/0001-45
CC CREDICOCAPEC;67096909;67.096.909/0001-66
CC CREDICOPE;38588174;38.588.174/0001-90
CC CREDIESMERALDAS LTDA.;68512748;68.512.748/0001-07
CC CREDIFIEMG;07469260;07.469.260/0001-50
CC CREDIFOR LTDA;41931445;41.931.445/0001-72
CC CREDIGUAÇU;67960229;67.960.229/0001-49
CC CREDILIVRE LTDA. - SICOOB CREDILIVRE;41697103;41.697.103/0001-30
CC CREDIMAC LTDA - SICOOB CREDIMAC;64480833;64.480.833/0001-80
CC CREDIMATA;01152097;01.152.097/0001-10
CC CREDIMOTA;66788142;66.788.142/0001-73
CC CREDINACIONAL LTDA - SICOOB CREDINACIONAL;25420696;25.420.696/0001-36
CC CREDINOR;21866694;21.866.694/0001-14
CC CREDINORTE - SICOOB CREDINORTE;64276058;64.276.058/0001-45
CC CREDINOSSO;06324872;06.324.872/0001-91
CC CREDINTER;24048910;24.048.910/0001-02
CC CREDIPIMENTA;42934794;42.934.794/0001-00
CC CREDIRAMA;03412878;03.412.878/0001-22
CC CREDISETE LTDA;22753982;22.753.982/0001-25
CC CREDISG;03645752;03.645.752/0001-06
CC CREDISUDESTE LTDA;22656789;22.656.789/0001-76
CC CREDIUNA LTDA;64237530;64.237.530/0001-30
CC CREDIVAG;25404542;25.404.542/0001-50
CC CREDIVALE LTDA. - SICOOB CREDIVALE;25387655;25.387.655/0001-95
CC CREDIVAR;25798596;25.798.596/0001-48
CC CREDIVAZ LTDA;00803287;00.803.287/0001-98
CC CREDIVERTENTES;22724710;22.724.710/0001-05
CC CREDLIDER;05463934;05.463.934/0001-83
CC CREDPLUS;25536764;25.536.764/0001-27
CC DA FOZ DO RIO ITAJAÍ AÇU;09512539;09.512.539/0001-02
CC DE EMPRESÁRIOS;04247370;04.247.370/0001-89
CC DE ITAPETININGA - SICOOB CRED-ACI;08844074;08.844.074/0001-16
CC DISTRITO FEDERAL E ENTORNO;01187961;01.187.961/0001-10
CC DO NORTE CATARINENSE;03461243;03.461.243/0001-15
CC DO NORTE CATARINENSE E SUL PARANAENSE;81011686;81.011.686/0001-18
CC DO PLANALTO SUL;03033469;03.033.469/0001-15
CC DO VALE EUROPEU - SICOOB EURO VALE;82133182;82.133.182/0001-33
CC EMP DA CIA INDUSTRIAL CATAGUASES E BAUMINAS LTDA.;19495266;19.495.266/0001-80
CC EMPRESÁRIOS DE MANAUS;10808037;10.808.037/0001-02
CC GUARANICREDI;26014175;26.014.175/0001-41
CC INTEGRADO - SICOOB INTEGRADO;07122321;07.122.321/0001-08
CC INTEGRANTES MIN PUBL E PODER JUDIC AP E CE E CCLA PA;84156470;84.156.470/0001-39
CC INV DE RONDÔNIA - SICOOB CREDJURD;04751713;04.751.713/0001-48
CC INVESTIMENTO LIVRE ADMISSÃO DO OESTE DE RONDÔNIA;05597773;05.597.773/0001-10
CC INVESTIMENTO SICOOB CENTRO;08044854;08.044.854/0001-81
CC LAR CREDI;39343350;39.343.350/0001-96
CC LITORÂNEA;85291086;85.291.086/0001-01
CC MECUNP;20833992;20.833.992/0001-45
CC MERCADO IMOBILIÁRIO - SICOOB IMOB.VC;14913919;14.913.919/0001-80
CC MONTECREDI LTDA.;71392047;71.392.047/0001-96
CC NO PIAUÍ - SICOOB PIAUÍ;05477038;05.477.038/0001-73
CC NOROESTE DE MINAS;86564051;86.564.051/0001-61
CC NOSSA SENHORA DO DESTERRO;03419786;03.419.786/0001-74
CC NOSSO - SICOOB NOSSO;59869560;59.869.560/0001-20
CC NOSSOCREDITO;22760839;22.760.839/0001-60
CC ORIGINAL - SICOOB ORIGINAL;81292278;81.292.278/0001-81
CC PODER JUD E MP MG;03519240;03.519.240/0001-95
CC REG. COLAR METROPOLITANO VALE DO AÇO LTDA;17361536;17.361.536/0001-35
CC REGIÃO CENTRAL MG;22749014;22.749.014/0001-45
CC REGIÃO MERIDIONAL BRASIL;05392810;05.392.810/0001-54
CC SACRAMENTO;71154256;71.154.256/0001-00
CC SÃO FRANCISCO DE SALES LTDA.;01374196;01.374.196/0001-47
CC SERV FIN CTBA E REG;05097757;05.097.757/0001-69
CC SERV MIL POL CIVIL SEC ED;03269540;03.269.540/0001-63
CC SERV. MUN SANTO ANDRÉ SP - CECRESA;00512839;00.512.839/0001-09
CC SICOOB 3 COLINAS;04013172;04.013.172/0001-50
CC SICOOB ALIANÇA;06174009;06.174.009/0001-03
CC SICOOB CENTRAL BA;34148882;34.148.882/0001-59
CC SICOOB COOPEC LTDA.;32615247;32.615.247/0001-09
CC SICOOB COOPEMAR;04174720;04.174.720/0001-24
CC SICOOB COOPMIL;62673470;62.673.470/0001-73
CC SICOOB CREDCOOP;02528151;02.528.151/0001-42
CC SICOOB CREDICAPITAL;04529074;04.529.074/0001-70
CC SICOOB CREDICONQUISTA;02282165;02.282.165/0001-29
CC SICOOB CREDITIROS;42880617;42.880.617/0001-99
CC SICOOB CREDMETAL;03535065;03.535.065/0001-20
CC SICOOB CREDSEGURO LTDA.;02935307;02.935.307/0001-00
CC SICOOB ENGECRED;04388688;04.388.688/0001-80
CC SICOOB EXTREMO SUL LTDA.;02447120;02.447.120/0001-67
CC SICOOB HORIZONTE;07194313;07.194.313/0001-77
CC SICOOB INOVA;04321309;04.321.309/0001-34
CC SICOOB IPÊ;24610065;24.610.065/0001-17
CC SICOOB ITAPAGIPE;71506513;71.506.513/0001-17
CC SICOOB METROPOLITANO;03459850;03.459.850/0001-40
CC SICOOB NORTE SUL;02876918;02.876.918/0001-24
CC SICOOB OURO VERDE;05582619;05.582.619/0001-75
CC SICOOB SERTÃO;02057584;02.057.584/0001-67
CC SICOOB UNISP;74220948;74.220.948/0001-99
CC SICOOB VALE SUL;02466552;02.466.552/0001-15
CC UNIÃO CENTRO OESTE LTDA;26178111;26.178.111/0001-86
CC UNIÃO DO CENTRO OESTE DE MINAS;65239402;65.239.402/0001-99
CC UNICRED CENTRO-SUL LTDA - UNICRED CENTRO-SUL;00075847;00.075.847/0001-35
CC UNICRED COOMARCA;04355489;04.355.489/0001-75
CC UNICRED DESBRAVADORA LTDA - UNICRED DESBRAVADORA;01039011;01.039.011/0001-48
CC UNICRED EVOLUÇÃO LTDA.;01727929;01.727.929/0001-80
CC UNICRED UNIÃO LTDA - UNICRED UNIÃO;74114042;74.114.042/0001-90
CC UNICRED VALOR CAPITAL LTDA - UNICRED VALOR CAPITAL;74064502;74.064.502/0001-12
CC VALE DO CANOAS;00707903;00.707.903/0001-07
CC VALE ITAJAÍ E ITAPOCÚ;02883398;02.883.398/0001-87
CCC DO ESP.SANTO - SICOOB ES;32428294;32.428.294/0001-43
CCC DO ESTADO DE SÃO PAULO;63917579;63.917.579/0001-71
CCC DO NORTE DO BRASIL;03502131;03.502.131/0001-65
CCC DOS EST DE MT MS E MUN DE CACOAL/RO;00106180;00.106.180/0001-90
CCC ESTADO MG - CECREMGE;00309024;00.309.024/0001-27
CCC ESTADO SP - CECRESP;62931522;62.931.522/0001-64
CCC MINAS GERAIS - CREDIMINAS;25683434;25.683.434/0001-64
CCC SICOOB CENTRAL SC/RS;80160260;80.160.260/0001-63
CCC UNICOOB-SICOOB CENTR UNIC;05036532;05.036.532/0001-00
CCI UNINDÚSTRIA;53841911;53.841.911/0001-08
CCLA ALTO SÃO FRANCISCO;41805003;41.805.003/0001-80
CCLA ANÁPOLIS E REGIÃO;33615055;33.615.055/0001-65
CCLA ARCOS;71230338;71.230.338/0001-88
CCLA BOA ESPERANÇA;00869687;00.869.687/0001-04
CCLA CAMPOS GERAIS E CAMPO DO;71146450;71.146.450/0001-35
CCLA CARMO DO RIO CLARO;25743311;25.743.311/0001-71
CCLA CENTRO BRASILEIRA LTDA.;37395399;37.395.399/0001-67
CCLA CENTRO NORDESTE - SICOOB CENTRO NORDESTE;03102185;03.102.185/0001-33
CCLA CENTRO NORDESTE MINEIRO;02173447;02.173.447/0001-98
CCLA CENTRO NORTE MT/MS;03326437;03.326.437/0001-08
CCLA CENTRO OESTE LTDA.;07502031;07.502.031/0001-90
CCLA CENTRO-SUL GOIANO;33579731;33.579.731/0001-92
CCLA CERES E RIALMA LTDA;09576849;09.576.849/0001-82
CCLA CIRCUITO CAMPOS VERTENTES;02232383;02.232.383/0001-59
CCLA CIRCUITO DAS ÁGUAS;03941182;03.941.182/0001-93
CCLA CREDIEMBRAPA;02338666;02.338.666/0001-80
CCLA CREDISIS JICRED;02309070;02.309.070/0001-51
CCLA CREDSAOPAULO;02197569;02.197.569/0001-14
CCLA DA GRANDE GOIÂNIA LTDA.;10209619;10.209.619/0001-64
CCLA DA PARAÍBA - SICOOB PARAÍBA;11907520;11.907.520/0001-07
CCLA DA REGIÃO CENTRAL DE RONDÔNIA;02144899;02.144.899/0001-41
CCLA DA REGIÃO DE PARÁ DE MINAS;25387713;25.387.713/0001-80
CCLA DA REGIÃO DE FRUTAL;71419600;71.419.600/0001-37
CCLA DA REGIÃO METROPOLITANA DE GOIÂNIA LTDA.;07599206;07.599.206/0001-29
CCLA DE ARARAQUARA E REGIÃO;53236808;53.236.808/0001-39
CCLA DE BH E CIDADES POLO DE MG;01760242;01.760.242/0001-46
CCLA DE DORES DO INDAIA;02254376;02.254.376/0001-58
CCLA DE ITAJUBÁ - SICOOB SUDESTE MAIS;04079285;04.079.285/0001-59
CCLA DE ITAÚNA E REGIÃO LTDA;66463407;66.463.407/0001-63
CCLA DE PALMEIRAS E REGIÃO;37631058;37.631.058/0001-43
CCLA DE PERNAMBUCO - SICOOB PERNAMBUCO;03732359;03.732.359/0001-41
CCLA DE PITANGUI E REGIAO LTDA;04181542;04.181.542/0001-69
CCLA DE POMPEU LTDA.;66262643;66.262.643/0001-11
CCLA DE RIO VERDE E REGIÃO;09033698;09.033.698/0001-16
CCLA DO CENTRO SUL DE MS;10319386;10.319.386/0001-52
CCLA DO CENTRO SUL RONDONIENSE;02015588;02.015.588/0001-82
CCLA DO ESTADO DE SÃO PAULO - SICOOB PAULISTA;10262276;10.262.276/0001-00
CCLA DO ESTADO DO PARÁ - SICOOB COOESA;83836114;83.836.114/0001-01
CCLA DO OESTE MARANHENSE - SICOOB OESTE MARANHENSE;09424988;09.424.988/0001-90
CCLA DO PLANALTO CATARINENSE;01389651;01.389.651/0001-88
CCLA DO PLANALTO SERRANO;01692448;01.692.448/0001-86
CCLA DO SUL CATARINENSE;03427097;03.427.097/0001-01
CCLA DO TOCANTINS;26960328;26.960.328/0001-43
CCLA DO VALE;86829827;86.829.827/0001-28
CCLA DO VALE DO CANOINHAS;78834975;78.834.975/0001-02
CCLA E DOS ADV;02480577;02.480.577/0001-73
CCLA EMPREG DOS CORREIOS - SICOOB COOPERCORREIOS;03862898;03.862.898/0001-03
CCLA ITAPIRANGA;78483310;78.483.310/0001-00
CCLA JATAÍ E REGIÃO;10143499;10.143.499/0001-40
CCLA LAGOA DA PRATA;01739375;01.739.375/0001-30
CCLA LESTE E NORDESTE MINEIRO;01559914;01.559.914/0001-50
CCLA MARGEM ESQUERDA DO URUCUI;14046512;14.046.512/0001-01
CCLA MEIO OESTE CATARINENSE;80959638;80.959.638/0001-93
CCLA MONTES CLAROS;02031139;02.031.139/0001-28
CCLA NOROESTE DE MG CREDIPINHO;71154876;71.154.876/0001-30
CCLA NORTE DE MATO GROSSO - SICOOB NORTE MT;23623636;23.623.636/0001-95
CCLA NOVA SERRANA E REGIÃO CO;01667766;01.667.766/0001-97
CCLA OESTE MINEIRO LTDA-SICOOB;71297899;71.297.899/0001-02
CCLA PARA DE MINAS;01009908;01.009.908/0001-29
CCLA PEDRO LEOPOLDO;71441406;71.441.406/0001-58
CCLA PONTAL DO TRIANGULO;26178533;26.178.533/0001-51
CCLA PROD RURAIS TRIÂNGULO;41669227;41.669.227/0001-01
CCLA PROF SAÚDE UNICRED ALIANÇA;70937271;70.937.271/0001-53
CCLA REG LESTE BACIA RIO DOCE;05158093;05.158.093/0001-09
CCLA REG SUDESTE MG;42887133;42.887.133/0001-71
CCLA REG. CTR. E OESTE MINEIRO;01736516;01.736.516/0001-61
CCLA REGIÃO GUAXUPÉ;01699652;01.699.652/0001-29
CCLA RUBIATABA REGIAO;73422792;73.422.792/0001-66
CCLA SANTA CRUZ PALMEIRAS;06910457;06.910.457/0001-10
CCLA SANTO ANTONIO DO MONTE;41707258;41.707.258/0001-00
CCLA SEBASTIAO PARAISO;01657678;01.657.678/0001-04
CCLA SERV POD LEG MG - SICOOB COFAL;21797311;21.797.311/0001-01
CCLA SICOOB ARENITO PARANÁ / SÃO PAULO;07026923;07.026.923/0001-61
CCLA SICOOB COOCRELIVRE;53935029;53.935.029/0001-21
CCLA SICOOB COOPJUS;25363615;25.363.615/0001-03
CCLA SICOOB COPESITA;19875244;19.875.244/0001-46
CCLA SICOOB CREDIACIL;08795285;08.795.285/0001-06
CCLA SICOOB CREDICARU SC/RS;00694389;00.694.389/0001-12
CCLA SICOOB CREDIMEPI;01644264;01.644.264/0001-40
CCLA SICOOB CREDMISSÃO LTDA.;01667352;01.667.352/0001-68
CCLA SICOOB UNIÃO SUDESTE;07946216;07.946.216/0001-93
CCLA SICOOB UNIMAIS METROPOLITANA;00259231;00.259.231/0001-14
CCLA SICOOB VALCREDI SUL;02090126;02.090.126/0001-20
CCLA SUDOESTE GOIANO;24795049;24.795.049/0001-46
CCLA SUL CATARINENSE;81367880;81.367.880/0001-30
CCLA SUL MARANHENSE - SICOOB SUL MARANHENSE;26526166;26.526.166/0001-30
CCLA SUL MINAS-SICOOB CREDIVAS;01604998;01.604.998/0001-04
CCLA TRANSPORT RODOV VEICULOS;07789195;07.789.195/0001-40
CCLA TRÊS FRONTEIRAS;04876393;04.876.393/0001-52
CCLA UNIÃO CENTRO OESTE MINAS;01703620;01.703.620/0001-50
CCLA UNIÃO DOS VALES DO PIRANGA E MATIPÓ LTDA.;01060307;01.060.307/0001-40
CCLA UNIÃO E NEGÓCIOS - SICOOB INTEGRAÇÃO;08742188;08.742.188/0001-55
CCLA UNICRED DO ESTADO DE SÃO PAULO;71884498;71.884.498/0001-40
CCLA URUBICI;02587492;02.587.492/0001-99
CCLA VALE DO AÇO;19869338;19.869.338/0001-02
CCLA VALE DO ARAGUAIA;24830879;24.830.879/0001-67
CCLA VALE DO PARANAÍBA;24799033;24.799.033/0001-01
CCLA VALE DO PARANAPANEMA;01637949;01.637.949/0001-60
CCLA VALE DO RIO DO PEIXE;78865995;78.865.995/0001-40
CCLA VALE DO RIO GRANDE;25683475;25.683.475/0001-50
CCLA VALE DO VINHO;81016131;81.016.131/0001-69
CCLA VALE SÃO PATRICIO LTDA;00968602;00.968.602/0001-37
CCLA ZONA DA MATA LTDA;02335109;02.335.109/0001-05
CCLAA AURIVERDE-SICOOB CREDIAL;78858107;78.858.107/0001-62
CCLAA ITAIPU SICOOB CREDITAIPU;81014060;81.014.060/0001-65
CCLAA NOVA TRENTO;02641969;02.641.969/0001-77
CCLAA OESTE CATARINENSE;78825023;78.825.023/0001-22
CCLAA SAO MIGUEL DO OESTE;81607046;81.607.046/0001-75
CCLAA SICOOB MAXICRÉDITO;78825270;78.825.270/0001-29
CCM CORRET SEG EST SAO PAULO;08030602;08.030.602/0001-01
CCM DESP TRÂNS SC E RS;04715685;04.715.685/0001-03
CCM DO ABC - COOPER 7;04414354;04.414.354/0001-33
CCM DO CEARÁ - SICOOB CEARÁ;03620772;03.620.772/0001-14
CCM DOS ADVOGADOS DE SC;05861932;05.861.932/0001-42
CCM EMPR MAGAZINE LUIZA;02093154;02.093.154/0001-09
CCM MED EMP MT;36900256;36.900.256/0001-00
CCM PROF SAUDE E LIVRE ADMISSÃO TEOFILO OTONI LTDA;01709266;01.709.266/0001-70
CCM SERV FEDERAIS NA PARAÍBA - SICOOB COOPERCRET;02275781;02.275.781/0001-52
CCM SERV MIN EDUC SÃO PAULO;73092827;73.092.827/0001-46
CCM SERV MUN S JOAO BOA VISTA;74248949;74.248.949/0001-41
CCM SERV PUBLICOS - CREDI SP;03612679;03.612.679/0001-68
CCM SICOOB CREDIACISC;07669921;07.669.921/0001-90
CCMLA REGIãO ADMINISTRATIVA DE SOROCABA;10175348;10.175.348/0001-73
CCMS MUNICIPAIS DE BEBEDOURO;05969937;05.969.937/0001-93
CCPS E LA DO TRIANG MINEIRO E SUL DE MG LTDA;71432926;71.432.926/0001-02
CCR COOPAVEL;76461557;76.461.557/0001-91
CCR DE ABELARDO LUZ;01073966;01.073.966/0001-11
CCR DE GUACUI;32422628;32.422.628/0001-71
CCR DE IBIAM;08240446;08.240.446/0001-03
CCR DO AGRESTE ALAGOANO;08482873;08.482.873/0001-90
CCR FOR CANA CENTRO EST SP;53776852;53.776.852/0001-31
CCR IRAI - SICOOB CREDIMIL;71207740;71.207.740/0001-41
CCR SEARA;00204963;00.204.963/0001-07
CDC SCD S.A.;18394228;18.394.228/0001-79
CECM APOS PENS E IDOSOS - SICOOB COOPERNAPI;16564240;16.564.240/0001-59
CECM COL GRUPO EMPR A COSTA;20062766;20.062.766/0001-08
CECM COOPERSERV;05667301;05.667.301/0001-97
CECM DOS EMPR DAS EMP RANDON;89280960;89.280.960/0001-66
CECM DOS FUNCIONARIOS DA COMIGO;01062439;01.062.439/0001-01
CECM DOS MÉDICOS DOS V TAQUARI E RIO PARDO E REG PRO;01635462;01.635.462/0001-48
CECM DOS PROFISSIONAIS DA SAUDE DA REG ALTA MOGIANA;69346856;69.346.856/0001-10
CECM DOS TRAB.PORT. DA G.VITOR;03844699;03.844.699/0001-64
CECM EMP AMERICANA LIMEIRA E;09579249;09.579.249/0001-78
CECM EMP INST SF SÃO PAULO CAM;03674133;03.674.133/0001-31
CECM EMP USAGRO;68969625;68.969.625/0001-08
CECM EMPR CEMIG IND METAL E SERV PUB MUN;17502881;17.502.881/0001-41
CECM EMPR CENT ELÉTRICAS/SC;08850613;08.850.613/0001-20
CECM EMPR EMP ZILLO LORENZETTI;58022195;58.022.195/0001-50
CECM EMPR EST HOSP BH RM ZM;19402130;19.402.130/0001-89
CECM INTEG. MF DP ESTADO RJ;04694278;04.694.278/0001-67
CECM MAGISTRADOS DE SÃO PAULO;51489318;51.489.318/0001-19
CECM MÉD DE PORTO ALEGRE;94433109;94.433.109/0001-66
CECM MEDICOS E PROFISSIONAIS AREA SAUDE DO BRASIL;42898825;42.898.825/0001-15
CECM MÉDICOS PLANALTO MÉDIO RS - CREDISIS/CREDIPLAN;97259253;97.259.253/0001-16
CECM MILITARES ESTADUAIS DE SC;04572960;04.572.960/0001-87
CECM PROF ÁREA NOTARIAL REGISTRAL;07714057;07.714.057/0001-00
CECM SERV E EMPREG PUBL MUN BH BETIM BRUMAD CONTAG IBI NL RN;01864151;01.864.151/0001-50
CECM SERV MUN ITABIRA;16651002;16.651.002/0001-80
CECM SERV MUN POÇOS DE CALDAS;41791005;41.791.005/0001-67
CECM SERV POD JUD TCE ORG PUBL MUN EST FED RJ;02000895;02.000.895/0001-90
CECM SERV POL MIL SP REGIÃO CE;04152107;04.152.107/0001-06
CECM SICOOB COOPERAC;08071414;08.071.414/0001-13
CECM SICOOB CRED-ACILPA;09004796;09.004.796/0001-25
CECM SICOOB CREDSAÚDE;02072790;02.072.790/0001-46
CECM SICOOB METALCRED;04833655;04.833.655/0001-00
CECM TRAB CIA PROC DADOS SP;67915868;67.915.868/0001-92
CECM UNICRED INTEGRAÇÃO;73750424;73.750.424/0001-47
CECME CHOCOLATES GAROTO LTDA;30949267;30.949.267/0001-90
CECME EMPR EMP GR ECON RHODIA;57563728;57.563.728/0001-49
CECMF SECRETARIA DA FAZENDA MG E LIVRE ADMISSÃO;16721078;16.721.078/0001-35
CELCOIN IP S.A.;13935893;13.935.893/0001-09
CENTRAL SICOOB UNI DE CC;04243780;04.243.780/0001-51
CEOPAG IP;33440218;33.440.218/0001-16
CHRISTIAN FAMILY IP;38406148;38.406.148/0001-01
CICLLOS PAY;35257964;35.257.964/0001-02
CIELO IP S.A.;01027058;01.027.058/0001-91
CIVIA COOP CRED;10218474;10.218.474/0001-68
CLARA IP;41538335;41.538.335/0001-45
CLARO PAY S.A. IP;34878543;34.878.543/0001-28
CLOUDWALK IP LTDA;18189547;18.189.547/0001-42
CLUBE AGRO;31841474;31.841.474/0001-90
COBUCCIO S.A. SCFI;36947229;36.947.229/0001-85
CODEPAY;26721922;26.721.922/0001-81
CONPAY IP S.A.;31531997;31.531.997/0001-30
CONTA PRONTA IP;12473687;12.473.687/0001-61
CONTAAZUL IP LTDA.;47381104;47.381.104/0001-57
COOP SICOOB MÉDIO OESTE;07318874;07.318.874/0001-30
COOP ARACOOP LTDA. - SICOOB ARACOOP;03320525;03.320.525/0001-00
COOP CENTRO NORTE BRASILEIRO;02282709;02.282.709/0001-52
COOP COOPERFORTE LTDA.;01658426;01.658.426/0001-08
COOP CREDI&GENTE;82096447;82.096.447/0001-70
COOP CREDICAPI LTDA - SICOOB CREDICAPI;00804046;00.804.046/0001-63
COOP CREDICOMIN;09590601;09.590.601/0001-76
COOP CRESERV CREDISIS;04831810;04.831.810/0001-40
COOP CRESOL ALIANÇA;07412987;07.412.987/0001-09
COOP CRESOL ALTERNATIVA;07215632;07.215.632/0001-11
COOP CRESOL ALTO VALE;07465539;07.465.539/0001-65
COOP CRESOL AMAZONIA;10520232;10.520.232/0001-24
COOP CRESOL ARATIBA;04565791;04.565.791/0001-58
COOP CRESOL ATIVA;07946451;07.946.451/0001-65
COOP CRESOL ÁUREA;02904138;02.904.138/0001-40
COOP CRESOL CENTRO NORTE;05211129;05.211.129/0001-62
COOP CRESOL CENTRO SERRA;01155801;01.155.801/0001-99
COOP CRESOL CENTRO SUL RS/MS;02910987;02.910.987/0001-07
COOP CRESOL CONEXÃO;11969853;11.969.853/0001-52
COOP CRESOL CONFIANÇA;07252614;07.252.614/0001-00
COOP CRESOL COOPERACRED;09488496;09.488.496/0001-69
COOP CRESOL COOPERAR;05983995;05.983.995/0001-71
COOP CRESOL DESENVOLVIMENTO;05425526;05.425.526/0001-37
COOP CRESOL ENCOSTAS DA SERRA GERAL;03485130;03.485.130/0001-50
COOP CRESOL ESSENCIA;06031727;06.031.727/0001-12
COOP CRESOL EVOLUÇAO;02844024;02.844.024/0001-52
COOP CRESOL FRONTEIRAS PR/SC/SP/ES;05276770;05.276.770/0001-85
COOP CRESOL GETULIO VARGAS;05241145;05.241.145/0001-06
COOP CRESOL GOIAS;04490531;04.490.531/0001-60
COOP CRESOL GRANDES LAGOS PR/SP;06126780;06.126.780/0001-05
COOP CRESOL HORIZONTE;05277312;05.277.312/0001-60
COOP CRESOL INOVAÇAO;05070112;05.070.112/0001-32
COOP CRESOL INTEGRACAO;07268499;07.268.499/0001-61
COOP CRESOL INTERAÇÃO;08055016;08.055.016/0001-03
COOP CRESOL JACINTO MACHADO;09463721;09.463.721/0001-02
COOP CRESOL JACUTINGA;02904125;02.904.125/0001-71
COOP CRESOL LIDERANCA;02934201;02.934.201/0001-91
COOP CRESOL LITORAL;05410056;05.410.056/0001-38
COOP CRESOL MAIS;05269976;05.269.976/0001-88
COOP CRESOL MATO GROSSO;50735161;50.735.161/0001-00
COOP CRESOL MINAS GERAIS;08624548;08.624.548/0001-14
COOP CRESOL MISSÕES FRONTEIRA RS;08488377;08.488.377/0001-43
COOP CRESOL NASCENTE;05494591;05.494.591/0001-14
COOP CRESOL NOROESTE;02663426;02.663.426/0001-50
COOP CRESOL NORTE PARANAENSE;07925729;07.925.729/0001-18
COOP CRESOL ORIGENS;05220243;05.220.243/0001-59
COOP CRESOL PIONEIRA;00971300;00.971.300/0001-18
COOP CRESOL PLANALTO SERRA SUL;05863726;05.863.726/0001-71
COOP CRESOL PLANALTO SUL;02766672;02.766.672/0001-38
COOP CRESOL PRIMATO CREDI;53575491;53.575.491/0001-65
COOP CRESOL PROGRESSO;02448310;02.448.310/0001-07
COOP CRESOL RAIZ;17343510;17.343.510/0001-64
COOP CRESOL RIO GRANDE DO SUL;06139650;06.139.650/0001-07
COOP CRESOL SÃO VALENTIM;03015152;03.015.152/0001-56
COOP CRESOL SERRA MAR;07958405;07.958.405/0001-86
COOP CRESOL TRADICAO;04350225;04.350.225/0001-29
COOP CRESOL TRANSAMAZÔNICA;24431221;24.431.221/0001-82
COOP CRESOL TRANSFORMAÇÃO;04261151;04.261.151/0001-54
COOP CRESOL TREZE DE MAIO;09330158;09.330.158/0001-02
COOP CRESOL TRIUNFO;08560508;08.560.508/0001-56
COOP CRESOL UNIAO;02446089;02.446.089/0001-40
COOP CRESOL UNIAO DOS VALES;05231945;05.231.945/0001-38
COOP CRESOL VALE;07320890;07.320.890/0001-68
COOP CRESOL VALE EUROPEU;07512780;07.512.780/0001-06
COOP CRESOL VANGUARDA;03965737;03.965.737/0001-37
COOP CRESOL XANXERE;07509426;07.509.426/0001-14
COOP DE AGRICULTORES E AEROPORTUÁRIOS DO BRASIL;01330387;01.330.387/0001-07
COOP DE CRED E INVEST LIBERDADE - SICREDI LIBERDADE;88530142;88.530.142/0001-01
COOP DE CRÉDITO SICOOB COSTA DO DESCOBRIMENTO LTDA.;01205736;01.205.736/0001-69
COOP DO ESTADO DE GOIÁS;04406371;04.406.371/0001-29
COOP DO ESTADO DO ACRE LTDA.;01608685;01.608.685/0001-16
COOP EVOLUA;10311218;10.311.218/0001-10
COOP FRONTEIRAS;03612764;03.612.764/0001-26
COOP INVEST INT SOL VALE DAS ÁGUAS PR/MG;04663561;04.663.561/0001-21
COOP JUST GOIAS E CELG;09552111;09.552.111/0001-85
COOP LIVRE ADMISSÃO DE ASSOCIADOS SICOOB CRUZ ALTA LTDA;73326449;73.326.449/0001-18
COOP NOVOS CAMPOS;78862083;78.862.083/0001-15
COOP POL FED - SICREDI POL;03000142;03.000
